"Language","Title","Short Description","Full Description"
"en-US","Utility Notes","Manage building utilities, service charge billing, payments, and notices easily.","Utility Notes is a complete, modern building management and utility accounts solution designed for apartment owners, tenants, building committees, and property managers.

Simplify your building's billing, track utility meters, submit payments, manage maintenance requests, and stay informed with instant push notifications.

Key Features:

🏢 ALL-IN-ONE BUILDING & FLAT MANAGEMENT
• Manage multiple buildings, floors, and individual flat units effortlessly.
• Track owner and tenant profiles with complete tenancy records.
• Access detailed flat financial statements and payment histories anytime.

⚡ UTILITY & METER BILLING
• Track individual and shared utility meters (Electricity, Water, Gas).
• Automated tariff calculations and accurate monthly billing.
• Transparent cost distribution for shared common area facilities.

💳 SMART BILLING & PAYMENTS
• Generate monthly service charge bills with detailed itemized charge heads.
• Submit payments online with transaction references or payment slips.
• Instant receipt generation and downloadable invoices.

📢 NOTICES & MAINTENANCE REQUESTS
• Receive urgent community notices and announcements directly on your phone.
• Submit maintenance complaints with descriptions and photo attachments.
• Real-time updates on maintenance resolution status.

🔔 REAL-TIME PUSH NOTIFICATIONS
• Powered by Firebase Cloud Messaging to ensure you never miss a bill due date, payment confirmation, or building notice.

🔒 SECURE & RELIABLE
• Role-based access control ensuring data privacy between owners, tenants, and management.
• Encrypted data transfers and secure authentication.

Download Utility Notes today to make building and utility accounting seamless, transparent, and hassle-free!"
"bn-BD","Utility Notes - ইউটিলিটি নোটস","বিল্ডিং সার্ভিস চার্জ, ইউটিলিটি বিল, পেমেন্ট এবং নোটিশ সহজে পরিচালনা করুন।","ইউটিলিটি নোটস (Utility Notes) হলো অ্যাপার্টমেন্ট মালিক, ভাড়াটিয়া এবং বিল্ডিং ম্যানেজমেন্ট কমিটির জন্য একটি পূর্ণাঙ্গ ইউটিলিটি ও একাউন্টস ম্যানেজমেন্ট অ্যাপ।

বিল্ডিংয়ের মাসিক সার্ভিস চার্জ, বিদ্যুৎ, গ্যাস ও পানির মিটার বিল হিসাব করা, পেমেন্ট জমা দেওয়া এবং নোটিশ পাওয়ার ঝামেলা এখন নিমেষেই দূর করুন।

প্রধান সুবিধাসমূহ:

🏢 সহজ বিল্ডিং ও ফ্ল্যাট ব্যবস্থাপনা
• একাধিক বিল্ডিং, ফ্লোর এবং ফ্ল্যাট ইউনিট সহজে পরিচালনা করুন।
• ফ্ল্যাটের মালিক ও ভাড়াটিয়াদের সম্পূর্ণ তথ্য সংরক্ষণ।
• যে কোনো সময় ফ্ল্যাটের বিস্তারিত স্টেটমেন্ট এবং পূর্বের হিসাব দেখার সুবিধা।

⚡ ইউটিলিটি ও মিটার বিলিং
• বিদ্যুৎ, গ্যাস ও পানির মিটার রিডিং ও স্বয়ংক্রিয় বিল হিসাব।
• কমন এরিয়া ও যৌথ খরচের সঠিক বণ্টন।

💳 স্মার্ট বিলিং ও পেমেন্ট রসিদ
• প্রতি মাসের সার্ভিস চার্জ বিল তৈরি ও দেখা।
• পেমেন্ট তথ্য বা রসিদের ছবি আপলোড করে সহজেই পেমেন্ট সাবমিট করার সুবিধা।
• পেমেন্ট নিশ্চিতকরণ এবং ডিজিটাল মানি রিসিট ডাউনলোড।

📢 নোটিশ ও মেইনটেন্যান্স রিকোয়েস্ট
• বিল্ডিংয়ের জরুরি নোটিশ সরাসরি ফোনে নোটিফিকেশনের মাধ্যমে পান।
• কোনো সমস্যা বা মেরামতের জন্য ছবিসহ মেইনটেন্যান্স রিকোয়েস্ট পাঠান এবং অগ্রগতি ট্র্যাক করুন।

🔔 ইনস্ট্যান্ট পুশ নোটিফিকেশন
• বিল তৈরি, পেমেন্ট রিসিভ ও নোটিশের তাৎক্ষণিক নোটিফিকেশন অ্যালার্ট।

🔒 নিরাপদ ও নির্ভরযোগ্য
• সুরক্ষিত লগইন এবং স্বয়ংক্রিয় ব্যাকআপ ব্যবস্থা।

আপনার অ্যাপার্টমেন্ট ও বিল্ডিংয়ের হিসাব-নিকাশ সহজ ও স্বচ্ছ রাখতে আজই Utility Notes ব্যবহার শুরু করুন!"
